Division,Substation
De Anza,AMES
De Anza,BRITTON
De Anza,EL PATIO
De Anza,LAWRENCE
De Anza,LOCKHEED NO 1
De Anza,LOCKHEED NO 2
De Anza,LOS ALTOS
De Anza,LOS GATOS
De Anza,LOYOLA
De Anza,MOUNTAIN VIEW
De Anza,SARATOGA
De Anza,SIGNETICS
De Anza,SPANSION
De Anza,STELLING
De Anza,VASONA
De Anza,WHISMAN
De Anza,WOLFE
Diablo,ANTIOCH
Diablo,BABEL
Diablo,BALFOUR
Diablo,BETHEL BANK
Diablo,BRENTWOOD SUB
Diablo,BRYANT
Diablo,CLAYTON
Diablo,CONCORD NO 1
Diablo,CONTRA COSTA
Diablo,FAIRVIEW
Diablo,GEARY
Diablo,GILL
Diablo,JERSEY ISLAND
Diablo,KIRKER SUB
Diablo,LAKEWOOD
Diablo,LAS AROMAS
Diablo,LONE TREE
Diablo,MCAVOY TAP
Diablo,MEADOW LANE
Diablo,MORAGA
Diablo,ORINDA
Diablo,PIPER BANK
Diablo,PITTSBURG
Diablo,PLEASANT HILL
Diablo,RESEARCH SUB
Diablo,ROBLES
Diablo,ROSSMOOR
Diablo,SARANAP
Diablo,SHORE ACRES BANK
Diablo,SINCLAIR
Diablo,SOBRANTE
Diablo,TASSAJARA
Diablo,TIDE WATER
Diablo,WALNUT CREEK
Diablo,WAYNE
Diablo,WHITNEY
Diablo,WILLOW PASS    
Division,Substation
East Bay,8TH AVENUE
East Bay,ARLINGTON
East Bay,BANCROFT
East Bay,BARRETT 
East Bay,BECK STREET
East Bay,BERKELEY F
East Bay,BERKELEY T
East Bay,BOSTON
East Bay,BROOKSIDE
East Bay,C
East Bay,CLAREMONT K
East Bay,EDES
East Bay,FAIRMONT
East Bay,FLORENCE
East Bay,FRANKLIN
East Bay,HOLLYWOOD
East Bay,MAPLE
East Bay,MIRA VISTA
East Bay,OAK
East Bay,OAKLAND C
East Bay,OAKLAND D
East Bay,OAKLAND I
East Bay,OAKLAND J
East Bay,OAKLAND L
East Bay,OAKLAND X
East Bay,PALO SECO
East Bay,POINT PINOLE
East Bay,RICHMOND Q
East Bay,RICHMOND R
East Bay,RIDGE
East Bay,RUSSELL
East Bay,SAN PABLO
East Bay,SOLANO
East Bay,SPRUCE
East Bay,STUART
East Bay,VALLEY VIEW
East Bay,VIRGINIA
East Bay,WALDO     
East Bay,WALL
East Bay,WOOD   
Mission,ALTAMONT 
Mission,CASTRO VALLEY
Mission,CAYETANO
Mission,DIXON LANDING
Mission,DUMBARTON
Mission,ESTUDILLO
Mission,FREMONT
Mission,GRANT
Mission,HAYWARD O
Mission,JARVIS
Mission,LAS POSITAS
Mission,LIVERMORE
Mission,MT. EDEN
Mission,NEWARK
Mission,NORTH DUBLIN
Mission,ORIOLE
Mission,PARSONS
Mission,RADUM
Mission,SAN LEANDRO U
Mission,SAN LORENZO
Mission,SAN RAMON
Mission,SOTO
Mission,SUNOL
Mission,VASCO
Mission,VINEYARD
Mission,WARD
North Bay,BAHIA
North Bay,BASALT
North Bay,CALISTOGA     
North Bay,CARQUINEZ    
North Bay,Cordelia  
North Bay,Dixon  
North Bay,Grand Island
North Bay,HIGHWAY
North Bay,Jameson 
North Bay,Main Prairie
North Bay,MONTICELLO
North Bay,NAPA
North Bay,NORTH TOWER
North Bay,PARKWAY
North Bay,Peabody
North Bay,PUEBLO
North Bay,Russell
North Bay,SILVERADO
North Bay,SKAGGS ISLAND
North Bay,Suisun 
North Bay,TULUCAY
North Bay,Vaca-Dixon 
North Bay,Vacaville
North Bay,VALLEJO STATION B
North Bay,VALLEJO STATION C
North Bay,Winters
Peninsula,BAIR
Peninsula,BAY MEADOWS
Peninsula,BELL HAVEN
Peninsula,BELMONT
Peninsula,BERESFORD
Peninsula,BURLINGAME
Peninsula,CAROLANDS
Peninsula,DALY CITY
Peninsula,DALY CITY UNIT SUB
Peninsula,EAST GRAND
Peninsula,EMERALD LAKE
Peninsula,GLENWOOD
Peninsula,HALF MOON BAY
Peninsula,HILLSDALE
Peninsula,LAS PULGAS
Peninsula,LAWNDALE
Peninsula,MARTIN H
Peninsula,MENLO
Peninsula,MILLBRAE
Peninsula,PACIFICA
Peninsula,RALSTON
Peninsula,REDWOOD CITY
Peninsula,SAN BRUNO
Peninsula,SAN CARLOS
Peninsula,SAN MATEO
Peninsula,SERRAMONTE
Peninsula,SNEATH LANE
Peninsula,SULLIVAN
Peninsula,WATERSHED
Peninsula,WESTLAKE
Peninsula,WOODSIDE
San Francisco,18TH STREET
San Francisco,21ST AVE
San Francisco,6TH AVE
San Francisco,ACTON
San Francisco,BAYSHORE W
San Francisco,BEACH Q
San Francisco,CASTRO
San Francisco,EMBARCADERO Z
San Francisco,HUNTERS POINT P
San Francisco,JUDAH
San Francisco,LARKIN Y
San Francisco,MARINA F
San Francisco,MISSION X
San Francisco,NORIEGA
San Francisco,OCEAN
San Francisco,PLYMOUTH
San Francisco,PORTOLA
San Francisco,POTRERO A
San Francisco,RANDOLPH
San Francisco,SILVER
San Francisco,STATION E
San Francisco,STATION G
San Francisco,STATION J
San Francisco,STATION K
San Francisco,STATION L
San Francisco,STATION M
San Francisco,STATION N
San Francisco,TARAVAL
San Francisco,YOSEMITE
San Jose,ALMADEN
San Jose,EDENVALE
San Jose,EVERGREEN
San Jose,FMC
San Jose,HICKS
San Jose,LLAGAS
San Jose,MABURY
San Jose,MCKEE
San Jose,MILPITAS
San Jose,MONTAGUE
San Jose,MORGAN HILL
San Jose,NORTECH
San Jose,PIERCY
San Jose,RIVER OAKS
San Jose,SAN JOSE A
San Jose,SAN JOSE B
San Jose,STONE
San Jose,SWIFT
San Jose,TIMBLE
